{
  "model_type": "LogisticRegression",
  "selection_criterion": "precision",
  "single_split": {
    "precision": 0.7653371073031414,
    "accuracy": 0.7550200803212851,
    "recall": 0.7518964963034394,
    "f1_score": 0.7541410810113323
  },
  "cross_validation": {
    "cv_precision_mean": 0.5452465902985726,
    "cv_precision_std": 0.0529581580227052,
    "cv_accuracy": 0.5313706438657857,
    "overfitting_gap": 0.4320974408668824
  },
  "num_features": 2270,
  "categories": [
    "HR",
    "ENGINEERING",
    "FINANCE",
    "GENERAL"
  ],
  "training_samples": 1242
}