{
  "model_type": "LogisticRegression",
  "selection_criterion": "precision",
  "precision": 0.7653371073031414,
  "accuracy": 0.7550200803212851,
  "recall": 0.7518964963034394,
  "f1_score": 0.7541410810113323,
  "num_features": 2270,
  "categories": [
    "HR",
    "ENGINEERING",
    "FINANCE",
    "GENERAL"
  ],
  "training_samples": 1242
}